name,alpha2,alpha3,region
Afghanistan,AF,AFG,Asia
Aland Islands,AX,ALA,Europe
Albania,AL,ALB,Europe
Algeria,DZ,DZA,Africa
American Samoa,AS,ASM,Oceania
Andorra,AD,AND,Europe
Angola,AO,AGO,Africa
Anguilla,AI,AIA,Americas
Antarctica,AQ,ATA,Antarctica
Antigua and Barbuda,AG,ATG,Americas
Argentina,AR,ARG,Americas
Armenia,AM,ARM,Asia
Aruba,AW,ABW,Americas
Australia,AU,AUS,Oceania
Austria,AT,AUT,Europe
Azerbaijan,AZ,AZE,Asia
Bahamas,BS,BHS,Americas
Bahrain,BH,BHR,Asia
Bangladesh,BD,BGD,Asia
Barbados,BB,BRB,Americas
Belarus,BY,BLR,Europe
Belgium,BE,BEL,Europe
Belize,BZ,BLZ,Americas
Benin,BJ,BEN,Africa
Bermuda,BM,BMU,Americas
Bhutan,BT,BTN,Asia
Bolivia,BO,BOL,Americas
Bonaire,BQ,BES,Americas
Bosnia and Herzegovina,BA,BIH,Europe
Botswana,BW,BWA,Africa
Bouvet Island,BV,BVT,Americas
Brazil,BR,BRA,Americas
Brunei,BN,BRN,Asia
Bulgaria,BG,BGR,Europe
Burkina Faso,BF,BFA,Africa
Burundi,BI,BDI,Africa
Cabo Verde,CV,CPV,Africa
Cambodia,KH,KHM,Asia
Cameroon,CM,CMR,Africa
Canada,CA,CAN,Americas
Cayman Islands,KY,CYM,Americas
Central African Republic,CF,CAF,Africa
Chad,TD,TCD,Africa
Chile,CL,CHL,Americas
China,CN,CHN,Asia
Christmas Island,CX,CXR,Oceania
Cocos (Keeling) Islands,CC,CCK,Oceania
Colombia,CO,COL,Americas
Comoros,KM,COM,Africa
Congo,CG,COG,Africa
Democratic Republic of the Congo,CD,COD,Africa
Cook Islands,CK,COK,Oceania
Costa Rica,CR,CRI,Americas
Cote d'Ivoire,CI,CIV,Africa
Croatia,HR,HRV,Europe
Cuba,CU,CUB,Americas
Curacao,CW,CUW,Americas
Cyprus,CY,CYP,Asia
Czechia,CZ,CZE,Europe
Denmark,DK,DNK,Europe
Djibouti,DJ,DJI,Africa
Dominica,DM,DMA,Americas
Dominican Republic,DO,DOM,Americas
Ecuador,EC,ECU,Americas
Egypt,EG,EGY,Africa
El Salvador,SV,SLV,Americas
Equatorial Guinea,GQ,GNQ,Africa
Eritrea,ER,ERI,Africa
Estonia,EE,EST,Europe
Eswatini,SZ,SWZ,Africa
Ethiopia,ET,ETH,Africa
Falkland Islands,FK,FLK,Americas
Faroe Islands,FO,FRO,Europe
Fiji,FJ,FJI,Oceania
Finland,FI,FIN,Europe
France,FR,FRA,Europe
French Guiana,GF,GUF,Americas
French Polynesia,PF,PYF,Oceania
Gabon,GA,GAB,Africa
Gambia,GM,GMB,Africa
Georgia,GE,GEO,Asia
Germany,DE,DEU,Europe
Ghana,GH,GHA,Africa
Gibraltar,GI,GIB,Europe
Greece,GR,GRC,Europe
Greenland,GL,GRL,Americas
Grenada,GD,GRD,Americas
Guadeloupe,GP,GLP,Americas
Guam,GU,GUM,Oceania
Guatemala,GT,GTM,Americas
Guernsey,GG,GGY,Europe
Guinea,GN,GIN,Africa
Guinea-Bissau,GW,GNB,Africa
Guyana,GY,GUY,Americas
Haiti,HT,HTI,Americas
Vatican,VA,VAT,Europe
Honduras,HN,HND,Americas
Hong Kong,HK,HKG,Asia
Hungary,HU,HUN,Europe
Iceland,IS,ISL,Europe
India,IN,IND,Asia
Indonesia,ID,IDN,Asia
Iran,IR,IRN,Asia
Iraq,IQ,IRQ,Asia
Ireland,IE,IRL,Europe
Isle of Man,IM,IMN,Europe
Israel,IL,ISR,Asia
Italy,IT,ITA,Europe
Jamaica,JM,JAM,Americas
Japan,JP,JPN,Asia
Jersey,JE,JEY,Europe
Jordan,JO,JOR,Asia
Kazakhstan,KZ,KAZ,Asia
Kenya,KE,KEN,Africa
Kiribati,KI,KIR,Oceania
North Korea,KP,PRK,Asia
South Korea,KR,KOR,Asia
Kuwait,KW,KWT,Asia
Kyrgyzstan,KG,KGZ,Asia
Laos,LA,LAO,Asia
Latvia,LV,LVA,Europe
Lebanon,LB,LBN,Asia
Lesotho,LS,LSO,Africa
Liberia,LR,LBR,Africa
Libya,LY,LBY,Africa
Liechtenstein,LI,LIE,Europe
Lithuania,LT,LTU,Europe
Luxembourg,LU,LUX,Europe
Macao,MO,MAC,Asia
Madagascar,MG,MDG,Africa
Malawi,MW,MWI,Africa
Malaysia,MY,MYS,Asia
Maldives,MV,MDV,Asia
Mali,ML,MLI,Africa
Malta,MT,MLT,Europe
Marshall Islands,MH,MHL,Oceania
Martinique,MQ,MTQ,Americas
Mauritania,MR,MRT,Africa
Mauritius,MU,MUS,Africa
Mayotte,YT,MYT,Africa
Mexico,MX,MEX,Americas
Micronesia,FM,FSM,Oceania
Moldova,MD,MDA,Europe
Monaco,MC,MCO,Europe
Mongolia,MN,MNG,Asia
Montenegro,ME,MNE,Europe
Montserrat,MS,MSR,Americas
Morocco,MA,MAR,Africa
Mozambique,MZ,MOZ,Africa
Myanmar,MM,MMR,Asia
Namibia,NA,NAM,Africa
Nauru,NR,NRU,Oceania
Nepal,NP,NPL,Asia
Netherlands,NL,NLD,Europe
New Caledonia,NC,NCL,Oceania
New Zealand,NZ,NZL,Oceania
Nicaragua,NI,NIC,Americas
Niger,NE,NER,Africa
Nigeria,NG,NGA,Africa
Niue,NU,NIU,Oceania
Norfolk Island,NF,NFK,Oceania
North Macedonia,MK,MKD,Europe
Northern Mariana Islands,MP,MNP,Oceania
Norway,NO,NOR,Europe
Oman,OM,OMN,Asia
Pakistan,PK,PAK,Asia
Palau,PW,PLW,Oceania
Palestine,PS,PSE,Asia
Panama,PA,PAN,Americas
Papua New Guinea,PG,PNG,Oceania
Paraguay,PY,PRY,Americas
Peru,PE,PER,Americas
Philippines,PH,PHL,Asia
Pitcairn,PN,PCN,Oceania
Poland,PL,POL,Europe
Portugal,PT,PRT,Europe
Puerto Rico,PR,PRI,Americas
Qatar,QA,QAT,Asia
Reunion,RE,REU,Africa
Romania,RO,ROU,Europe
Russian Federation,RU,RUS,Europe
Rwanda,RW,RWA,Africa
Saint Kitts and Nevis,KN,KNA,Americas
Saint Lucia,LC,LCA,Americas
Saint Martin,MF,MAF,Americas
Saint Pierre and Miquelon,PM,SPM,Americas
Saint Vincent and the Grenadines,VC,VCT,Americas
Samoa,WS,WSM,Oceania
San Marino,SM,SMR,Europe
Sao Tome and Principe,ST,STP,Africa
Saudi Arabia,SA,SAU,Asia
Senegal,SN,SEN,Africa
Serbia,RS,SRB,Europe
Seychelles,SC,SYC,Africa
Sierra Leone,SL,SLE,Africa
Singapore,SG,SGP,Asia
Sint Maarten,SX,SXM,Americas
Slovakia,SK,SVK,Europe
Slovenia,SI,SVN,Europe
Solomon Islands,SB,SLB,Oceania
Somalia,SO,SOM,Africa
South Africa,ZA,ZAF,Africa
South Georgia and the South Sandwich Islands,GS,SGS,Americas
South Sudan,SS,SSD,Africa
Spain,ES,ESP,Europe
Sri Lanka,LK,LKA,Asia
Sudan,SD,SDN,Africa
Suriname,SR,SUR,Americas
Svalbard,SJ,SJM,Europe
Sweden,SE,SWE,Europe
Switzerland,CH,CHE,Europe
Syria,SY,SYR,Asia
Taiwan,TW,TWN,Asia
Tajikistan,TJ,TJK,Asia
Tanzania,TZ,TZA,Africa
Thailand,TH,THA,Asia
Timor-Leste,TL,TLS,Asia
Togo,TG,TGO,Africa
Tokelau,TK,TKL,Oceania
Tonga,TO,TON,Oceania
Trinidad and Tobago,TT,TTO,Americas
Tunisia,TN,TUN,Africa
Turkey,TR,TUR,Asia
Turkmenistan,TM,TKM,Asia
Turks and Caicos Islands,TC,TCA,Americas
Tuvalu,TV,TUV,Oceania
Uganda,UG,UGA,Africa
Ukraine,UA,UKR,Europe
United Arab Emirates,AE,ARE,Asia
United Kingdom,UK,GBR,Europe
United States of America,US,USA,Americas
Uruguay,UY,URY,Americas
Uzbekistan,UZ,UZB,Asia
Vanuatu,VU,VUT,Oceania
Venezuela,VE,VEN,Americas
Vietnam,VN,VNM,Asia
British Virgin Islands,VG,VGB,Americas
US Virgin Islands,VI,VIR,Americas
Wallis and Futuna,WF,WLF,Oceania
Western Sahara,EH,ESH,Africa
Yemen,YE,YEM,Asia
Zambia,ZM,ZMB,Africa
Zimbabwe,ZW,ZWE,Africa
